USE banking_analysis;

INSERT INTO CUSTOMERS(CUSTOMER_ID, CUSTOMER_NAME, AGE, GENDER, CITY, CUSTOMER_SINCE)
VALUES
	(1, 'Joe Pedram', 28, 'Male', 'Sydney', '2021-03-15'),
	(2, 'Emy Robert', 34, 'Female', 'Melbourne', '2020-06-22'),
	(3, 'Noah Wilson', 40, 'Male', 'Canberra', '2019-01-10'),
	(4, 'Olivia Taylor', 23, 'Female', 'Perth', '2022-09-05'),
	(5, 'Elsa John', 52, 'Male', 'Adelaide', '2018-11-30'),
	(6, 'Willson churchil', 25, 'Male', 'Brisbane', '2023-08-18'),
	(7, 'Jamaika Goerge', 32, 'Female', 'Newcastle', '2021-02-25'),
	(8, 'Andreas Mike', 60, 'Male', 'Gold coast', '2010-10-02');

INSERT INTO ACCOUNTS(ACCOUNT_ID, CUSTOMER_ID, ACCOUNT_TYPE, BALANCE, ACCOUNT_OPEN_DATE)
VALUES
	(101, 1, 'SAVINGS', 7500.50, '2021-03-20'),
	(102, 2, 'CURRENT', 12500.00, '2020-07-03'),
	(103, 3, 'SAVINGS', 32000.75, '2019-01-15'),
	(104, 4, 'SAVINGS', 3500.00, '2022-09-10'),
	(105, 5, 'CURRENT', 5500.25, '2018-12-10'),
	(106, 6, 'SAVINGS', 8600.40, '2023-08-20'),
	(107, 7, 'CURRENT', 18000.00, '2021-03-01'),
	(108, 8, 'SAVINGS', 92000.80, '2010-10-06');

INSERT INTO TRANSCATIONS(TRANSACTION_ID, ACCOUNT_ID, TRANSACTION_DATE, TRANSACTION_TYPE, AMOUNT, CHANNEL, MERCHANT_CATEGORY, TRANSACTION_STATUS, ATM_ID)
VALUES
	(1001, 101, '2026-01-05 10:00:00', 'DEBIT', 250.00, 'ATM', 'WITHDRAWAL', 'SUCCESS', 1),
	(1002, 101, '2026-01-06 23:45:00', 'DEBIT', 12000.00, 'ONLINE', 'TRANSFER', 'SUCCESS', NULL),
	(1003, 102, '2026-01-07 14:20:00', 'CREDIT', 3000.00, 'MOBILE', 'SALARY', 'SUCCESS', NULL),
	(1004, 103, '2026-01-08 01:17:00', 'DEBIT', 15000.00, 'ONLINE', 'TRANSFER', 'SUCCESS', NULL),
	(1005, 104, '2026-01-09 11:00:00', 'DEBIT', 75.50, 'POS', 'SHOPPING', 'FAILED', NULL),
	(1006, 105, '2026-01-10 16:35:00', 'CREDIT', 5000.00, 'BRANCH', 'DEBIT', 'SUCCESS', NULL),
	(1007, 106, '2026-01-11 09:10:00', 'DEBIT', 450.00, 'ATM', 'WITHDRAWAL', 'SUCCESS', 2),
	(1008, 107, '2026-01-12 18:25:00', 'DEBIT', 980.00, 'POS', 'RESTAURANT', 'SUCCESS', NULL),
	(1009, 108, '2026-01-13 02:40:00', 'DEBIT', 25000.00, 'ONLINE', 'TRANSFER', 'SUCCESS', NULL),
	(1010, 102, '2026-01-14 13:30:00', 'DEBIT', 220.00, 'ATM', 'WITHDRAWAL', 'FAILED', 3);

INSERT INTO LOANS(LOAN_ID, CUSTOMER_ID, LOAN_TYPE, LOAN_AMOUNT, INTEREST_RATE, DUE_DATE, REPAYMENT_STATUS)
VALUES
	(10001, 1, 'CAR LOAN', 25000.00, 7.2, '2028-03-15', 'ONGOING'),
	(10002, 2, 'HOME LOAN', 350000.00, 5.5, '2035-06-30', 'ONGOING'),
	(10003, 3, 'PERSONAL LOAN', 15000.00, 9.5, '2027-07-10', 'PAID'),
	(10004, 5, 'BUSINESS LOAN', 120000.00, 6.8, '2030-11-20', 'LATE'),
	(10005, 7, 'EDUCATION LOAN', 45000.00, 4.8, '2033-01-05', 'ONGOING');

INSERT INTO ATMS(ATM_ID, ATM_LOCATION, CITY, ATM_STATUS)
VALUES
	(1, 'SYDNEY CENTRAL MALL', 'SYDNEY', 'ACTIVE'),
	(2, 'BRISBANE CITY CENTER', 'BRISBANE', 'ACTIVE'),
	(3, 'MELBOURNE STATION', 'MELBOURNE', 'INACTIVE'),
	(4, 'PERTH SHOPPING PLAZA', 'PERTH', 'ACTIVE'),
	(5, 'CANBERRA MARKET AREA', 'CANBERRA', 'ACTIVE');


SELECT * FROM CUSTOMERS;

SELECT * FROM ACCOUNTS;

SELECT * FROM TRANSCATIONS;

SELECT * FROM LOANS;

SELECT * FROM ATMS












